Tamanho da lista,Corsort - Média de Comparações,Corsort - Média de Desvio relativo (%),Multizip Sort - Média de Comparações,Multizip Sort - Média de Desvio relativo (%),Heap Sort - Média de Comparações,Heap Sort - Média de Desvio relativo (%),Shell Sort - Média de Comparações,Shell Sort - Média de Desvio relativo (%),Merge Sort - Média de Comparações,Merge Sort - Média de Desvio relativo (%)
8,15.6,2.066267882840282,16.2,5.99189357064183,25.9,69.45617552343353,24.9,62.9134660437643,16.2,5.99189357064183
16,44.8,1.2598089718216268,44.9,1.4858353311337287,81.1,83.3073774021146,76.3,72.4581121551337,44.9,1.4858353311337287
32,120.2,2.1591907987281016,121.9,3.604037923169347,223.7,90.12488337500398,214.2,82.050737679597,122.0,3.68902893048942
64,304.2,2.7726085388262485,306.2,3.448299587733718,571.0,92.90979446308279,571.4,93.0449326728643,306.2,3.448299587733718
128,752.1,5.018316840386776,742.1,3.6219823524146078,1398.9,95.33323152242663,1416.2,97.74889018661848,741.7,3.566128972895721
